
go
use FIS
go

insert into tbl_Department values
('tech','Technician','tech'),
('admin','admin','admin'),
('eduser','Educational Services','Educational Services'),
('manser','Management Services','Management Services'),
('leaser','Learning Services','Learning Services'),
('intsys','Internal systems','Internal systems'),
('humres','Human Resources','Human Resources');

insert into tbl_Account values
('employee1','123456',1),/* 20 employee*/
('employee2','123456',1),
('employee3','123456',1),
('employee4','123456',1),
('employee5','123456',1),
('employee6','123456',1),
('employee7','123456',1),
('employee8','123456',1),
('employee9','123456',1),
('employee10','123456',1),
('employee11','123456',1),
('employee12','123456',1),
('employee13','123456',1),
('employee14','123456',1),
('employee15','123456',1),
('employee16','123456',1),
('employee17','123456',1),
('employee18','123456',1),
('employee19','123456',1),
('employee20','123456',1),
('tech1','123456',2),/* 10 technician*/
('tech2','123456',2),
('tech3','123456',2),
('tech4','123456',2),
('tech5','123456',2),
('tech6','123456',2),
('tech7','123456',2),
('tech8','123456',2),
('tech9','123456',2),
('tech10','123456',2),
('admin1','123456',0), /*5 admin*/
('admin2','123456',0),
('admin3','123456',0),
('admin4','123456',0),
('admin5','123456',0);


insert into tbl_AccountInfo values
('employee1','eduser','Ronaldo','datht.fsolution.vn','http://img.fifa.com/images/fwc/2014/players/sqr-5/201200.png','00121213','Real Madrid'),
('employee2','eduser','Rooney','datht.fsolution.vn','http://img.fifa.com/images/fwc/2014/players/sqr-5/196842.png','00464635','Man Utd'),
('employee3','eduser','Messi','datht.fsolution.vn','http://img.fifa.com/images/fwc/2014/players/sqr-5/229397.png','0046234236','Barca'),
('employee4','eduser','Ta Bien Cuong','datht.fsolution.vn','http://tin8.vn/custom/domain_1/acticles/fullsise/acticles3674/50-cau-binh-luan-kinh-dien-cua-bien-cuong-1402677937-2n2dt6.jpg','098024252','Viet Nam'),
('employee5','manser','Ronaldo','datht.fsolution.vn','http://img.fifa.com/images/fwc/2014/players/sqr-5/201200.png','00121213','Real Madrid'),
('employee6','manser','Rooney','datht.fsolution.vn','http://img.fifa.com/images/fwc/2014/players/sqr-5/196842.png','00464635','Man Utd'),
('employee7','manser','Messi','datht.fsolution.vn','http://img.fifa.com/images/fwc/2014/players/sqr-5/229397.png','0046234236','Barca'),
('employee8','manser','Ta Bien Cuong','datht.fsolution.vn','http://tin8.vn/custom/domain_1/acticles/fullsise/acticles3674/50-cau-binh-luan-kinh-dien-cua-bien-cuong-1402677937-2n2dt6.jpg','098024252','Viet Nam'),
('employee9','leaser','Ronaldo','datht.fsolution.vn','http://img.fifa.com/images/fwc/2014/players/sqr-5/201200.png','00121213','Real Madrid'),
('employee10','leaser','Rooney','datht.fsolution.vn','http://img.fifa.com/images/fwc/2014/players/sqr-5/196842.png','00464635','Man Utd'),
('employee11','leaser','Messi','datht.fsolution.vn','http://img.fifa.com/images/fwc/2014/players/sqr-5/229397.png','0046234236','Barca'),
('employee12','leaser','Ta Bien Cuong','datht.fsolution.vn','http://tin8.vn/custom/domain_1/acticles/fullsise/acticles3674/50-cau-binh-luan-kinh-dien-cua-bien-cuong-1402677937-2n2dt6.jpg','098024252','Viet Nam'),
('employee13','intsys','Ronaldo','datht.fsolution.vn','http://img.fifa.com/images/fwc/2014/players/sqr-5/201200.png','00121213','Real Madrid'),
('employee14','intsys','Rooney','datht.fsolution.vn','http://img.fifa.com/images/fwc/2014/players/sqr-5/196842.png','00464635','Man Utd'),
('employee15','intsys','Messi','datht.fsolution.vn','http://img.fifa.com/images/fwc/2014/players/sqr-5/229397.png','0046234236','Barca'),
('employee16','intsys','Ta Bien Cuong','datht.fsolution.vn','http://tin8.vn/custom/domain_1/acticles/fullsise/acticles3674/50-cau-binh-luan-kinh-dien-cua-bien-cuong-1402677937-2n2dt6.jpg','098024252','Viet Nam'),
('employee17','humres','Ronaldo','datht.fsolution.vn','http://img.fifa.com/images/fwc/2014/players/sqr-5/201200.png','00121213','Real Madrid'),
('employee18','humres','Rooney','datht.fsolution.vn','http://img.fifa.com/images/fwc/2014/players/sqr-5/196842.png','00464635','Man Utd'),
('employee19','humres','Messi','datht.fsolution.vn','http://img.fifa.com/images/fwc/2014/players/sqr-5/229397.png','0046234236','Barca'),
('employee20','humres','Ta Bien Cuong','datht.fsolution.vn','http://tin8.vn/custom/domain_1/acticles/fullsise/acticles3674/50-cau-binh-luan-kinh-dien-cua-bien-cuong-1402677937-2n2dt6.jpg','098024252','Viet Nam'),
('tech1','tech',N'Hoàng Thành Đạt','datht.0404@gmail.com','http://fsolution.vn:9119/public/data/datht01.jpg','0982102565',N'Cầu Giấy - Hà Nội'),
('tech2','tech',N'Hoàng Thành Đạt','datht.0404@gmail.com','http://fsolution.vn:9119/public/data/datht01.jpg','0982102565',N'Cầu Giấy - Hà Nội'),
('tech3','tech',N'Hoàng Thành Đạt','datht.0404@gmail.com','http://fsolution.vn:9119/public/data/datht01.jpg','0982102565',N'Cầu Giấy - Hà Nội'),
('tech4','tech',N'Hoàng Thành Đạt','datht.0404@gmail.com','http://fsolution.vn:9119/public/data/datht01.jpg','0982102565',N'Cầu Giấy - Hà Nội'),
('tech5','tech',N'Hoàng Thành Đạt','datht.0404@gmail.com','http://fsolution.vn:9119/public/data/datht01.jpg','0982102565',N'Cầu Giấy - Hà Nội'),
('tech6','tech',N'Hoàng Thành Đạt','datht.0404@gmail.com','http://fsolution.vn:9119/public/data/datht01.jpg','0982102565',N'Cầu Giấy - Hà Nội'),
('tech7','tech',N'Hoàng Thành Đạt','datht.0404@gmail.com','http://fsolution.vn:9119/public/data/datht01.jpg','0982102565',N'Cầu Giấy - Hà Nội'),
('tech8','tech',N'Hoàng Thành Đạt','datht.0404@gmail.com','http://fsolution.vn:9119/public/data/datht01.jpg','0982102565',N'Cầu Giấy - Hà Nội'),
('tech9','tech',N'Hoàng Thành Đạt','datht.0404@gmail.com','http://fsolution.vn:9119/public/data/datht01.jpg','0982102565',N'Cầu Giấy - Hà Nội'),
('tech10','tech',N'Hoàng Thành Đạt','datht.0404@gmail.com','http://fsolution.vn:9119/public/data/datht01.jpg','0982102565',N'Cầu Giấy - Hà Nội'),
('admin1','admin',N'Hoàng Thành Đạt','datht.0404@gmail.com','http://fsolution.vn:9119/public/data/datht01.jpg','0982102565',N'Cầu Giấy - Hà Nội'),
('admin2','admin',N'Hoàng Thành Đạt','datht.0404@gmail.com','http://fsolution.vn:9119/public/data/datht01.jpg','0982102565',N'Cầu Giấy - Hà Nội'),
('admin3','admin',N'Hoàng Thành Đạt','datht.0404@gmail.com','http://fsolution.vn:9119/public/data/datht01.jpg','0982102565',N'Cầu Giấy - Hà Nội'),
('admin4','admin',N'Hoàng Thành Đạt','datht.0404@gmail.com','http://fsolution.vn:9119/public/data/datht01.jpg','0982102565',N'Cầu Giấy - Hà Nội'),
('admin5','admin',N'Hoàng Thành Đạt','datht.0404@gmail.com','http://fsolution.vn:9119/public/data/datht01.jpg','0982102565',N'Cầu Giấy - Hà Nội');


insert into tbl_QueryCategory values
('soft','Software','s'),('hard','Hardware','H'),('info','Infomation','info'),('tel','Telecommunications','q');


insert into tbl_Jobs values
('tech1','eduser','soft'),
('tech1','eduser','hard'),
('tech2','eduser','soft'),
('tech2','eduser','hard'),
('tech3','manser','soft'),
('tech3','manser','hard'),
('tech3','eduser','tel'),
('tech3','eduser','info'),
('tech3','manser','tel'),
('tech3','manser','info'),
('tech4','manser','tel'),
('tech4','manser','info'),
('tech5','leaser','tel'),
('tech5','leaser','info'),
('tech5','leaser','soft'),
('tech5','leaser','hard'),
('tech6','leaser','soft'),
('tech6','leaser','hard'),
('tech7','intsys','soft'),
('tech7','intsys','hard'),
('tech8','intsys','soft'),
('tech8','intsys','hard'),
('tech8','intsys','info'),
('tech8','intsys','tel'),
('tech9','intsys','soft'),
('tech9','intsys','hard'),
('tech9','intsys','info'),
('tech9','intsys','tel'),
('tech9','humres','soft'),
('tech9','humres','hard'),
('tech9','humres','info'),
('tech9','humres','tel'),
('tech9','leaser','soft'),
('tech9','leaser','hard'),
('tech9','leaser','info'),
('tech9','leaser','tel'),
('tech10','humres','soft'),
('tech10','humres','hard'),
('tech10','humres','info'),
('tech10','humres','tel');

insert into tbl_Query (_username,_departmentID,_category,_subject,_content)values 
('employee1','eduser','info','How to get news','Im Ronaldo in Education department how to get news of Company'),
('employee1','eduser','tel','Please give a account in website','Im Ronaldo in Education department please give account in website of Company'),
('employee2','eduser','soft','Please fix my Excel App','Im Rooney in Education Service, please fix my excel application crash when openning'),
('employee3','eduser','hard','Replace my tablet','Im MEssi in Education department, my tablet Samsung Galaxy Tab 10.1 very slow, you can help me buy a iPad Air'),
('employee5','manser','info','How to get news','Im Ronaldo in Management Services how to get news of Company'),
('employee6','manser','tel','Please give a account in website','Im Rooney in Management Services please give account in website of Company'),
('employee7','manser','soft','Please fix my Excel App','Im Messi in Management Services, please fix my excel application crash when openning'),
('employee8','manser','hard','Replace my tablet','Im Ta Bien Cuong in Management Services, my tablet Samsung Galaxy Tab 10.1 very slow, you can help me buy a iPad Air'),
('employee9','leaser','info','How to get news','Im Ronaldo in Learning Services how to get news of Company'),
('employee10','leaser','tel','Please give a account in website','Im Rooney in Learning Services please give account in website of Company'),
('employee11','leaser','soft','Please fix my Excel App','Im Messi in Learning Services, please fix my excel application crash when openning'),
('employee12','leaser','hard','Replace my tablet','Im Ta bien Cuong in Learning Services, my tablet Samsung Galaxy Tab 10.1 very slow, you can help me buy a iPad Air'),
('employee13','intsys','info','How to get news','Im Ronaldo in Internal systems how to get news of Company'),
('employee14','intsys','tel','Please give a account in website','Im Rooney in Internal systems please give account in website of Company'),
('employee15','intsys','soft','Please fix my Excel App','Im MEssi in Internal systems, please fix my excel application crash when openning'),
('employee16','intsys','hard','Replace my tablet','Im Ta bien Cuong in Internal systems, my tablet Samsung Galaxy Tab 10.1 very slow, you can help me buy a iPad Air'),
('employee17','humres','info','How to get news','Im Ronaldo in Internal systems how to get news of Company'),
('employee18','humres','tel','Please give a account in website','Im Rooney in Internal systems please give account in website of Company'),
('employee19','humres','soft','Please fix my Excel App','Im MEssi in Internal systems, please fix my excel application crash when openning'),
('employee20','humres','hard','Replace my tablet','Im Ta bien Cuong in Internal systems, my tablet Samsung Galaxy Tab 10.1 very slow, you can help me buy a iPad Air');


